{"client_meta":{"background_color":{"r":0.11764705926179886,"g":0.11764705926179886,"b":0.11764705926179886,"a":1},"thumbnail_size":{"width":400,"height":238},"render_coordinates":{"x":-1260,"y":-424,"width":16942,"height":10066}},"file_name":"Tarilka","developer_related_links":[],"exported_at":"2026-03-20T16:24:10.025Z"}